Oahu,Maui,Kauai,Hawaii
96701,96708,96703,96704
96706,96713,96705,96710
96707,96729,96714,96718
96709,96732,96715,96719
96712,96733,96716,96720
96717,96742,96722,96721
96730,96748,96741,96725
96731,96753,96746,96726
96734,96757,96747,96727
96744,96761,96751,96728
96759,96763,96752,96737
96762,96767,96754,96738
96782,96768,96756,96739
96786,96770,96765,96740
96789,96779,96766,96743
96791,96784,96769,96745
96792,96788,96796,96749
96795,96790,,96750
96797,96793,,96755
96801,,,96760
96802,,,96764
96803,,,96771
96804,,,96772
96805,,,96773
96806,,,96774
96807,,,96776
96808,,,96777
96809,,,96778
96810,,,96780
96811,,,96781
96812,,,96783
96813,,,96785
96814,,,
96815,,,
96816,,,
96817,,,
96818,,,
96819,,,
96820,,,
96821,,,
96822,,,
96823,,,
96824,,,
96825,,,
96826,,,
96827,,,
96828,,,
96830,,,
96835,,,
96836,,,
96837,,,
96838,,,
96839,,,
96840,,,
96841,,,
96843,,,
96844,,,
96846,,,
96847,,,
96848,,,
96849,,,
96850,,,
96853,,,
96854,,,
96857,,,
96858,,,
96859,,,
96860,,,
96861,,,
96863,,,
96898,,,